{
    "name": "minor-ux",
    "title": "Minor UX improvements",
    "description": "Minor UX tweaks to things.",
    "author": "didii",
    "version": "0.0.1",
    "minimumCoreVersion": "0.5.0",
    "compatibleCoreVersion": "0.6.5",
    "scripts": [
      "./scripts/highlight.js"
    ],
    "styles": [
      "./styles/style.css"
    ],
    "url": "https://github.com/didii/foundryvtt-minor-ux",
    "manifest": "https://raw.githubusercontent.com/didii/foundryvtt-minor-ux/master/module.json",
    "download": "https://github.com/didii/foundryvtt-minor-ux/releases/download/0.0.1/foundryvtt-minor-ux.zip"
}